{
  "qwen2vl_7b": {
    "n": 183,
    "beta_intercept": 0.22119427539596792,
    "beta_concept": 1.797248596068759,
    "beta_narration": 1.8366378920873045,
    "ci_concept": [
      0.9798881955887957,
      2.6146089965487223
    ],
    "ci_narration": [
      1.0750755121384366,
      2.5982002720361725
    ],
    "r2": 0.25085959889280507
  },
  "internvl2_8b": {
    "n": 183,
    "beta_intercept": 0.16153925167602817,
    "beta_concept": 1.4831814453054029,
    "beta_narration": 2.1724779804347465,
    "ci_concept": [
      0.5250065332891581,
      2.4413563573216477
    ],
    "ci_narration": [
      1.3482262424343974,
      2.9967297184350956
    ],
    "r2": 0.2146491960247341
  },
  "internvl2_26b": {
    "n": 183,
    "beta_intercept": 0.1670656553310784,
    "beta_concept": 2.1702490753149464,
    "beta_narration": 1.8709682632437028,
    "ci_concept": [
      1.1332780250681485,
      3.2072201255617445
    ],
    "ci_narration": [
      1.031212951091256,
      2.7107235753961496
    ],
    "r2": 0.22609845771768367
  },
  "internvl2_40b": {
    "n": 183,
    "beta_intercept": 0.19111322070947367,
    "beta_concept": 2.1367682053828236,
    "beta_narration": 1.8141201585689508,
    "ci_concept": [
      1.2446282853497588,
      3.0289081254158887
    ],
    "ci_narration": [
      1.0274500825978763,
      2.6007902345400256
    ],
    "r2": 0.2572396792375331
  },
  "llava_next_34b": {
    "n": 183,
    "beta_intercept": 0.0943901876274251,
    "beta_concept": 2.493089947460255,
    "beta_narration": 1.8678817043938243,
    "ci_concept": [
      1.6553938938558153,
      3.330786001064695
    ],
    "ci_narration": [
      0.93713856237378,
      2.7986248464138685
    ],
    "r2": 0.2739037730967294
  }
}