{
  "per_model": {
    "qwen2vl_7b": {
      "CR": {
        "pearson_r": 0.7247626105856924,
        "spearman_rho": 0.7096679402541145,
        "cohen_kappa_quadratic": NaN,
        "mad": 0.1390710382513661,
        "mu_gpt4o": 0.6333333333333335,
        "mu_claude": 0.6150273224043716
      },
      "RV": {
        "pearson_r": 0.6781436606139866,
        "spearman_rho": 0.6422234147115752,
        "cohen_kappa_quadratic": NaN,
        "mad": 0.15557377049180326,
        "mu_gpt4o": 0.5633879781420764,
        "mu_claude": 0.4941530054644808
      },
      "SF": {
        "pearson_r": 0.7531896972425047,
        "spearman_rho": 0.6672310531956851,
        "cohen_kappa_quadratic": NaN,
        "mad": 0.1699453551912568,
        "mu_gpt4o": 0.7677595628415302,
        "mu_claude": 0.6688524590163933
      },
      "IGS": {
        "pearson_r": 0.7671246995582588,
        "spearman_rho": 0.70557077344349,
        "cohen_kappa_quadratic": NaN,
        "mad": 0.13300273224043715,
        "mu_gpt4o": 0.6424590163934427,
        "mu_claude": 0.5861775956284153
      }
    },
    "internvl2_8b": {
      "CR": {
        "pearson_r": 0.7139968046363159,
        "spearman_rho": 0.70474329379883,
        "cohen_kappa_quadratic": NaN,
        "mad": 0.14743169398907102,
        "mu_gpt4o": 0.5918032786885247,
        "mu_claude": 0.5875409836065575
      },
      "RV": {
        "pearson_r": 0.7393357007291779,
        "spearman_rho": 0.7122487586099101,
        "cohen_kappa_quadratic": NaN,
        "mad": 0.14551912568306008,
        "mu_gpt4o": 0.525136612021858,
        "mu_claude": 0.4665027322404371
      },
      "SF": {
        "pearson_r": 0.7717654119280183,
        "spearman_rho": 0.7092314313421905,
        "cohen_kappa_quadratic": NaN,
        "mad": 0.1650273224043716,
        "mu_gpt4o": 0.6989071038251368,
        "mu_claude": 0.5907103825136614
      },
      "IGS": {
        "pearson_r": 0.7881070231798772,
        "spearman_rho": 0.7585219098270071,
        "cohen_kappa_quadratic": NaN,
        "mad": 0.12933060109289618,
        "mu_gpt4o": 0.5952459016393443,
        "mu_claude": 0.5459699453551913
      }
    },
    "internvl2_26b": {
      "CR": {
        "pearson_r": 0.6588763096872654,
        "spearman_rho": 0.6417400260673539,
        "cohen_kappa_quadratic": NaN,
        "mad": 0.16295081967213113,
        "mu_gpt4o": 0.59672131147541,
        "mu_claude": 0.5927868852459016
      },
      "RV": {
        "pearson_r": 0.6953058887716907,
        "spearman_rho": 0.6965290155758088,
        "cohen_kappa_quadratic": NaN,
        "mad": 0.15601092896174862,
        "mu_gpt4o": 0.5213114754098361,
        "mu_claude": 0.4663934426229508
      },
      "SF": {
        "pearson_r": 0.7497157471032263,
        "spearman_rho": 0.7168700690643014,
        "cohen_kappa_quadratic": NaN,
        "mad": 0.16584699453551913,
        "mu_gpt4o": 0.6994535519125684,
        "mu_claude": 0.6024590163934426
      },
      "IGS": {
        "pearson_r": 0.7362786342706702,
        "spearman_rho": 0.7163613947872199,
        "cohen_kappa_quadratic": NaN,
        "mad": 0.14810382513661202,
        "mu_gpt4o": 0.5960109289617487,
        "mu_claude": 0.550967213114754
      }
    },
    "internvl2_40b": {
      "CR": {
        "pearson_r": 0.783725548170744,
        "spearman_rho": 0.7778453533372168,
        "cohen_kappa_quadratic": NaN,
        "mad": 0.13267759562841527,
        "mu_gpt4o": 0.6147540983606558,
        "mu_claude": 0.5968306010928962
      },
      "RV": {
        "pearson_r": 0.7939958295737333,
        "spearman_rho": 0.7697844735066084,
        "cohen_kappa_quadratic": NaN,
        "mad": 0.12721311475409833,
        "mu_gpt4o": 0.5366120218579236,
        "mu_claude": 0.4940983606557377
      },
      "SF": {
        "pearson_r": 0.8144185124829193,
        "spearman_rho": 0.7558821598985541,
        "cohen_kappa_quadratic": NaN,
        "mad": 0.14836065573770493,
        "mu_gpt4o": 0.7404371584699454,
        "mu_claude": 0.6325136612021858
      },
      "IGS": {
        "pearson_r": 0.8345914760547989,
        "spearman_rho": 0.8071363217305323,
        "cohen_kappa_quadratic": NaN,
        "mad": 0.11883879781420767,
        "mu_gpt4o": 0.618825136612022,
        "mu_claude": 0.5697950819672132
      }
    },
    "llava_next_34b": {
      "CR": {
        "pearson_r": 0.6579790952373286,
        "spearman_rho": 0.6547028193639751,
        "cohen_kappa_quadratic": NaN,
        "mad": 0.16256830601092895,
        "mu_gpt4o": 0.49234972677595634,
        "mu_claude": 0.44289617486338795
      },
      "RV": {
        "pearson_r": 0.5637559798197691,
        "spearman_rho": 0.5743999101320697,
        "cohen_kappa_quadratic": NaN,
        "mad": 0.19551912568306007,
        "mu_gpt4o": 0.4207650273224044,
        "mu_claude": 0.30939890710382517
      },
      "SF": {
        "pearson_r": 0.7120497700179002,
        "spearman_rho": 0.7038791952447415,
        "cohen_kappa_quadratic": NaN,
        "mad": 0.1994535519125683,
        "mu_gpt4o": 0.6289617486338799,
        "mu_claude": 0.5065573770491802
      },
      "IGS": {
        "pearson_r": 0.6942805941730558,
        "spearman_rho": 0.7025011743284479,
        "cohen_kappa_quadratic": NaN,
        "mad": 0.16834972677595628,
        "mu_gpt4o": 0.5014480874316941,
        "mu_claude": 0.41208743169398904
      }
    }
  },
  "ensemble": {
    "qwen2vl_7b": {
      "mean": 0.6143183060109291,
      "ci95": [
        0.5814954918032786,
        0.646443101092896
      ],
      "n": 183
    },
    "internvl2_8b": {
      "mean": 0.5706079234972679,
      "ci95": [
        0.5371378073770491,
        0.602848531420765
      ],
      "n": 183
    },
    "internvl2_26b": {
      "mean": 0.5734890710382514,
      "ci95": [
        0.5405625683060109,
        0.6064221653005464
      ],
      "n": 183
    },
    "internvl2_40b": {
      "mean": 0.5943101092896176,
      "ci95": [
        0.5597732240437158,
        0.6276436133879782
      ],
      "n": 183
    },
    "llava_next_34b": {
      "mean": 0.4567677595628416,
      "ci95": [
        0.4249504781420765,
        0.4880799521857923
      ],
      "n": 183
    }
  },
  "judge_ranking": {
    "kendall_tau": 0.9999999999999999,
    "kendall_p": 0.016666666666666666,
    "gpt4o": {
      "qwen2vl_7b": 0.6424590163934427,
      "internvl2_8b": 0.5952459016393443,
      "internvl2_26b": 0.5960109289617487,
      "internvl2_40b": 0.618825136612022,
      "llava_next_34b": 0.5014480874316941
    },
    "claude": {
      "qwen2vl_7b": 0.5861775956284153,
      "internvl2_8b": 0.5459699453551913,
      "internvl2_26b": 0.550967213114754,
      "internvl2_40b": 0.5697950819672132,
      "llava_next_34b": 0.41208743169398904
    }
  }
}