{
  "baseline": {
    "qwen2vl_7b": 0.6424590163934426,
    "internvl2_8b": 0.5952459016393442,
    "internvl2_26b": 0.5960109289617487,
    "internvl2_40b": 0.6188251366120219,
    "llava_next_34b": 0.501448087431694
  },
  "perturbations": {
    "0.1": {
      "models": {
        "qwen2vl_7b": {
          "mean": 0.6249027322404371,
          "std": 0.0011413855205697724,
          "delta": -0.017556284153005475
        },
        "internvl2_40b": {
          "mean": 0.6046196721311474,
          "std": 0.001062751481709403,
          "delta": -0.014205464480874452
        },
        "internvl2_26b": {
          "mean": 0.581607650273224,
          "std": 0.0009800536926754244,
          "delta": -0.014403278688524646
        },
        "internvl2_8b": {
          "mean": 0.5806655737704918,
          "std": 0.0009339749013899067,
          "delta": -0.014580327868852438
        },
        "llava_next_34b": {
          "mean": 0.48025683060109287,
          "std": 0.0009405893959200772,
          "delta": -0.021191256830601135
        }
      },
      "rank_spearman_mean": 0.9714999999999999,
      "rank_spearman_min": 0.8999999999999998,
      "max_rank_flip": 1,
      "n_boot": 200
    },
    "0.2": {
      "models": {
        "qwen2vl_7b": {
          "mean": 0.6272601092896174,
          "std": 0.003918417796662782,
          "delta": -0.01519890710382521
        },
        "internvl2_40b": {
          "mean": 0.6068918032786885,
          "std": 0.00363683909248263,
          "delta": -0.011933333333333351
        },
        "internvl2_26b": {
          "mean": 0.5820568306010928,
          "std": 0.003823477548094291,
          "delta": -0.013954098360655864
        },
        "internvl2_8b": {
          "mean": 0.5829726775956284,
          "std": 0.003940841763902237,
          "delta": -0.01227322404371578
        },
        "llava_next_34b": {
          "mean": 0.4800918032786885,
          "std": 0.003585552177665856,
          "delta": -0.0213562841530055
        }
      },
      "rank_spearman_mean": 0.945,
      "rank_spearman_min": 0.8999999999999998,
      "max_rank_flip": 1,
      "n_boot": 200
    },
    "0.3": {
      "models": {
        "qwen2vl_7b": {
          "mean": 0.6276459016393443,
          "std": 0.005228692629302587,
          "delta": -0.0148131147540983
        },
        "internvl2_40b": {
          "mean": 0.6089978142076502,
          "std": 0.005375931289010601,
          "delta": -0.009827322404371674
        },
        "internvl2_26b": {
          "mean": 0.5833890710382513,
          "std": 0.005091629453857238,
          "delta": -0.012621857923497348
        },
        "internvl2_8b": {
          "mean": 0.5846502732240437,
          "std": 0.005588961939905129,
          "delta": -0.010595628415300484
        },
        "llava_next_34b": {
          "mean": 0.4797508196721311,
          "std": 0.0047446034194955945,
          "delta": -0.021697267759562877
        }
      },
      "rank_spearman_mean": 0.9419999999999998,
      "rank_spearman_min": 0.7999999999999999,
      "max_rank_flip": 1,
      "n_boot": 200
    }
  }
}